{
  "trades": 4592,
  "winrate": 0.4310607710738401,
  "expectancy": -0.0008343817720458142,
  "profit_factor": 0.7606632304360805,
  "max_drawdown": -0.9845105922705539,
  "avg_return_per_trade": -0.0008343817720458144
}