{
  "signal_count": 4591,
  "directional_accuracy": 0.1672838161620562,
  "long_accuracy_y_up": 0.1541436464088398,
  "short_accuracy_y_down": 0.2158273381294964
}