{
  "trades": 3098,
  "winrate": 0.39909589925734584,
  "expectancy": -0.0015372845900460948,
  "profit_factor": 0.5025956452312026,
  "max_drawdown": -0.991814533322598,
  "avg_return_per_trade": -0.001537284590046095,
  "avg_hold": 2.1387992253066495,
  "blocked_edge_total": 0,
  "blocked_by_regime_rule_total": 0
}